IDMochila,PesoMaximo,NumeroItens,MelhorValor,MelhorPeso,TempoForcaBruta,TempoAlgGulosoValor,ValorAlgGulosoValor,PesoAlgGulosoValor,PrecisaoAlgGulosValor,EficienciaAlgGulosoValor,TempoAlgGulosoValorPeso,ValorAlgGulosoValorPeso,PesoAlgGulosoValorPeso,PrecisaoAlgGulosoValorPeso,EficienciaAlgGulosoValorPeso,TempoAlgGulosoAmbos,ValorAlgGulosoAmbos,PesoAlgGulosoAmbos,PrecisaoAlgGulosoAmbos,EficienciaAlgGulosoAmbos
1,54,25,443,54,3421992600ns,556600ns,152,54,34.31%,100.00%,88200ns,440,52,99.32%,96.30%,644800ns,440,52,99.32%,96.30%
2,54,25,410,54,3402988000ns,12300ns,112,54,27.32%,100.00%,42100ns,410,54,100.00%,100.00%,54400ns,410,54,100.00%,100.00%
3,54,25,338,53,3417973600ns,15000ns,71,53,21.01%,100.00%,84700ns,338,53,100.00%,100.00%,99700ns,338,53,100.00%,100.00%
4,54,25,368,53,3424238000ns,11700ns,71,53,19.29%,100.00%,52800ns,364,52,98.91%,98.11%,64500ns,364,52,98.91%,98.11%
5,54,25,378,53,3498164400ns,11500ns,75,52,19.84%,98.11%,39500ns,378,53,100.00%,100.00%,51000ns,378,53,100.00%,100.00%
6,54,25,428,54,3424722200ns,12600ns,131,54,30.61%,100.00%,45100ns,428,53,100.00%,98.15%,57700ns,428,53,100.00%,98.15%
7,54,25,330,54,3426354800ns,11400ns,43,52,13.03%,96.30%,37300ns,330,54,100.00%,100.00%,48700ns,330,54,100.00%,100.00%
8,54,25,354,54,3424578900ns,11000ns,77,53,21.75%,98.15%,43300ns,346,53,97.74%,98.15%,54300ns,346,53,97.74%,98.15%
9,54,25,296,53,3417769100ns,12400ns,75,54,25.34%,101.89%,39300ns,296,53,100.00%,100.00%,51700ns,296,53,100.00%,100.00%
10,54,25,398,54,3420149500ns,12400ns,65,54,16.33%,100.00%,37400ns,392,51,98.49%,94.44%,49800ns,392,51,98.49%,94.44%
11,54,25,336,54,3420635800ns,12400ns,117,53,34.82%,98.15%,51100ns,336,54,100.00%,100.00%,63500ns,336,54,100.00%,100.00%
12,54,25,331,54,3437239200ns,11600ns,71,51,21.45%,94.44%,53100ns,331,54,100.00%,100.00%,64700ns,331,54,100.00%,100.00%
13,54,25,364,54,3476200900ns,15100ns,70,51,19.23%,94.44%,37900ns,348,50,95.60%,92.59%,53000ns,348,50,95.60%,92.59%
14,54,25,361,54,3435890100ns,12000ns,85,51,23.55%,94.44%,32800ns,361,54,100.00%,100.00%,44800ns,361,54,100.00%,100.00%
15,54,25,395,54,3433774800ns,16500ns,81,51,20.51%,94.44%,73100ns,388,53,98.23%,98.15%,89600ns,388,53,98.23%,98.15%
16,54,25,415,54,3433033600ns,11400ns,104,53,25.06%,98.15%,39300ns,413,52,99.52%,96.30%,50700ns,413,52,99.52%,96.30%
17,54,25,321,54,3443578000ns,11300ns,44,50,13.71%,92.59%,33200ns,321,54,100.00%,100.00%,44500ns,321,54,100.00%,100.00%
18,54,25,372,54,3428899400ns,11600ns,123,54,33.06%,100.00%,39500ns,372,54,100.00%,100.00%,51100ns,372,54,100.00%,100.00%
19,54,25,442,54,3443479400ns,12100ns,110,52,24.89%,96.30%,32400ns,441,51,99.77%,94.44%,44500ns,441,51,99.77%,94.44%
20,54,25,426,54,3417101100ns,14800ns,116,53,27.23%,98.15%,33700ns,411,54,96.48%,100.00%,48500ns,411,54,96.48%,100.00%
21,54,25,429,54,3423665000ns,12600ns,71,53,16.55%,98.15%,41000ns,429,54,100.00%,100.00%,53600ns,429,54,100.00%,100.00%
22,54,25,425,54,3407804100ns,11300ns,111,53,26.12%,98.15%,33500ns,412,51,96.94%,94.44%,44800ns,412,51,96.94%,94.44%
23,54,25,400,54,3423437100ns,11800ns,123,53,30.75%,98.15%,33100ns,393,50,98.25%,92.59%,44900ns,393,50,98.25%,92.59%
24,54,25,439,54,3442409000ns,12600ns,143,54,32.57%,100.00%,38400ns,429,52,97.72%,96.30%,51000ns,429,52,97.72%,96.30%
25,54,25,352,54,3481147600ns,11600ns,55,52,15.63%,96.30%,32500ns,348,54,98.86%,100.00%,44100ns,348,54,98.86%,100.00%
26,54,25,390,54,3414103100ns,11800ns,112,54,28.72%,100.00%,34200ns,390,54,100.00%,100.00%,46000ns,390,54,100.00%,100.00%
27,54,25,386,54,3486010900ns,11800ns,89,54,23.06%,100.00%,32200ns,385,52,99.74%,96.30%,44000ns,385,52,99.74%,96.30%
28,54,25,414,54,3445611200ns,11000ns,95,53,22.95%,98.15%,35800ns,414,54,100.00%,100.00%,46800ns,414,54,100.00%,100.00%
29,54,25,391,54,3413743300ns,11500ns,123,54,31.46%,100.00%,37300ns,391,54,100.00%,100.00%,48800ns,391,54,100.00%,100.00%
30,54,25,379,54,3413009100ns,12700ns,78,53,20.58%,98.15%,32300ns,366,54,96.57%,100.00%,45000ns,366,54,96.57%,100.00%
31,54,25,428,54,3396342500ns,12400ns,159,54,37.15%,100.00%,37400ns,428,54,100.00%,100.00%,49800ns,428,54,100.00%,100.00%
32,54,25,437,54,3409753900ns,12400ns,136,52,31.12%,96.30%,33600ns,437,53,100.00%,98.15%,46000ns,437,53,100.00%,98.15%
33,54,25,455,52,3418332400ns,12400ns,53,53,11.65%,101.92%,31500ns,455,52,100.00%,100.00%,43900ns,455,52,100.00%,100.00%
34,54,25,430,53,3414722200ns,11300ns,54,54,12.56%,101.89%,36500ns,430,53,100.00%,100.00%,47800ns,430,53,100.00%,100.00%
35,54,25,393,54,3392184500ns,12300ns,61,54,15.52%,100.00%,73300ns,393,54,100.00%,100.00%,85600ns,393,54,100.00%,100.00%
36,54,25,333,54,3394914700ns,11200ns,66,51,19.82%,94.44%,37400ns,333,54,100.00%,100.00%,48600ns,333,54,100.00%,100.00%
37,54,25,376,54,3411442800ns,11800ns,113,51,30.05%,94.44%,32400ns,372,53,98.94%,98.15%,44200ns,372,53,98.94%,98.15%
38,54,25,409,54,3416600600ns,12300ns,67,53,16.38%,98.15%,33400ns,402,52,98.29%,96.30%,45700ns,402,52,98.29%,96.30%
39,54,25,443,53,3389118100ns,11300ns,115,54,25.96%,101.89%,37200ns,443,53,100.00%,100.00%,48500ns,443,53,100.00%,100.00%
40,54,25,394,54,3393193000ns,11500ns,110,52,27.92%,96.30%,34500ns,394,54,100.00%,100.00%,46000ns,394,54,100.00%,100.00%
41,54,25,387,54,3415780800ns,16100ns,69,53,17.83%,98.15%,33400ns,387,54,100.00%,100.00%,49500ns,387,54,100.00%,100.00%
42,54,25,401,54,3399338400ns,12200ns,98,52,24.44%,96.30%,38300ns,401,54,100.00%,100.00%,50500ns,401,54,100.00%,100.00%
43,54,25,386,54,3385454400ns,12000ns,116,54,30.05%,100.00%,32500ns,372,51,96.37%,94.44%,44500ns,372,51,96.37%,94.44%
44,54,25,470,54,3396329300ns,14100ns,107,53,22.77%,98.15%,76000ns,450,50,95.74%,92.59%,90100ns,450,50,95.74%,92.59%
45,54,25,409,53,3389267700ns,11600ns,72,51,17.60%,96.23%,71000ns,409,53,100.00%,100.00%,82600ns,409,53,100.00%,100.00%
46,54,25,388,54,3405293300ns,11200ns,85,53,21.91%,98.15%,33600ns,388,54,100.00%,100.00%,44800ns,388,54,100.00%,100.00%
47,54,25,404,54,3398064600ns,14300ns,136,53,33.66%,98.15%,64300ns,392,51,97.03%,94.44%,78600ns,392,51,97.03%,94.44%
48,54,25,402,54,3403277200ns,11400ns,105,51,26.12%,94.44%,33000ns,396,52,98.51%,96.30%,44400ns,396,52,98.51%,96.30%
49,54,25,365,54,3383700700ns,10700ns,56,51,15.34%,94.44%,35600ns,358,51,98.08%,94.44%,46300ns,358,51,98.08%,94.44%
50,54,25,302,53,3398130700ns,11200ns,91,52,30.13%,98.11%,33600ns,299,54,99.01%,101.89%,44800ns,299,54,99.01%,101.89%
51,54,25,362,54,3382065800ns,11600ns,58,54,16.02%,100.00%,31600ns,359,53,99.17%,98.15%,43200ns,359,53,99.17%,98.15%
52,54,25,409,54,3386650600ns,11000ns,79,52,19.32%,96.30%,39900ns,409,54,100.00%,100.00%,50900ns,409,54,100.00%,100.00%
53,54,25,399,54,3384593300ns,11600ns,88,51,22.06%,94.44%,36000ns,390,52,97.74%,96.30%,47600ns,390,52,97.74%,96.30%
54,54,25,542,54,3399331100ns,10900ns,74,54,13.65%,100.00%,37000ns,528,54,97.42%,100.00%,47900ns,528,54,97.42%,100.00%
55,54,25,374,54,3394161000ns,11700ns,94,54,25.13%,100.00%,36300ns,370,54,98.93%,100.00%,48000ns,370,54,98.93%,100.00%
56,54,25,370,54,3402026000ns,11600ns,82,54,22.16%,100.00%,33000ns,359,51,97.03%,94.44%,44600ns,359,51,97.03%,94.44%
57,54,25,393,51,3382035800ns,11500ns,66,53,16.79%,103.92%,37000ns,393,51,100.00%,100.00%,48500ns,393,51,100.00%,100.00%
58,54,25,366,53,3393561900ns,11500ns,136,52,37.16%,98.11%,32700ns,362,52,98.91%,98.11%,44200ns,362,52,98.91%,98.11%
59,54,25,449,54,3396685600ns,11200ns,83,51,18.49%,94.44%,32700ns,435,54,96.88%,100.00%,43900ns,435,54,96.88%,100.00%
60,54,25,336,54,3399341600ns,11200ns,49,51,14.58%,94.44%,36200ns,334,52,99.40%,96.30%,47400ns,334,52,99.40%,96.30%
61,54,25,540,54,3397279100ns,11000ns,46,53,8.52%,98.15%,33300ns,540,54,100.00%,100.00%,44300ns,540,54,100.00%,100.00%
62,54,25,415,54,3382839400ns,11200ns,117,51,28.19%,94.44%,36700ns,412,53,99.28%,98.15%,47900ns,412,53,99.28%,98.15%
63,54,25,391,54,3398858000ns,11300ns,129,53,32.99%,98.15%,33300ns,391,54,100.00%,100.00%,44600ns,391,54,100.00%,100.00%
64,54,25,425,54,3432070300ns,11500ns,107,52,25.18%,96.30%,33400ns,407,50,95.76%,92.59%,44900ns,407,50,95.76%,92.59%
65,54,25,410,52,3384964100ns,10900ns,117,53,28.54%,101.92%,37700ns,410,52,100.00%,100.00%,48600ns,410,52,100.00%,100.00%
66,54,25,433,54,3400865100ns,11600ns,83,54,19.17%,100.00%,33200ns,429,53,99.08%,98.15%,44800ns,429,53,99.08%,98.15%
67,54,25,449,54,3387022400ns,11100ns,87,52,19.38%,96.30%,38600ns,444,53,98.89%,98.15%,49700ns,444,53,98.89%,98.15%
68,54,25,370,54,3422667500ns,11300ns,41,51,11.08%,94.44%,33000ns,366,52,98.92%,96.30%,44300ns,366,52,98.92%,96.30%
69,54,25,473,54,3568044800ns,11600ns,67,52,14.16%,96.30%,33700ns,464,54,98.10%,100.00%,45300ns,464,54,98.10%,100.00%
70,54,25,348,53,3382764100ns,11600ns,56,53,16.09%,100.00%,36000ns,348,53,100.00%,100.00%,47600ns,348,53,100.00%,100.00%
71,54,25,352,54,3402238700ns,11200ns,141,54,40.06%,100.00%,32200ns,350,52,99.43%,96.30%,43400ns,350,52,99.43%,96.30%
72,54,25,375,54,3400437100ns,11000ns,69,51,18.40%,94.44%,38600ns,369,51,98.40%,94.44%,49600ns,369,51,98.40%,94.44%
73,54,25,398,54,3400457200ns,11400ns,154,54,38.69%,100.00%,33000ns,398,54,100.00%,100.00%,44400ns,398,54,100.00%,100.00%
74,54,25,370,54,3393093600ns,19000ns,62,52,16.76%,96.30%,74500ns,370,54,100.00%,100.00%,93500ns,370,54,100.00%,100.00%
75,54,25,378,54,3407620000ns,11500ns,80,54,21.16%,100.00%,36800ns,378,54,100.00%,100.00%,48300ns,378,54,100.00%,100.00%
76,54,25,364,54,3379218300ns,12400ns,71,53,19.51%,98.15%,33600ns,364,54,100.00%,100.00%,46000ns,364,54,100.00%,100.00%
77,54,25,326,54,3393462500ns,11100ns,66,54,20.25%,100.00%,36900ns,325,54,99.69%,100.00%,48000ns,325,54,99.69%,100.00%
78,54,25,402,54,3395126200ns,11600ns,94,54,23.38%,100.00%,32800ns,396,52,98.51%,96.30%,44400ns,396,52,98.51%,96.30%
79,54,25,402,54,3382727500ns,11100ns,106,54,26.37%,100.00%,32100ns,393,51,97.76%,94.44%,43200ns,393,51,97.76%,94.44%
80,54,25,387,54,3391501100ns,10900ns,68,53,17.57%,98.15%,36800ns,386,54,99.74%,100.00%,47700ns,386,54,99.74%,100.00%
81,54,25,360,54,3450341000ns,12100ns,95,54,26.39%,100.00%,33100ns,352,54,97.78%,100.00%,45200ns,352,54,97.78%,100.00%
82,54,25,393,54,3392159500ns,15500ns,107,53,27.23%,98.15%,33400ns,387,53,98.47%,98.15%,48900ns,387,53,98.47%,98.15%
83,54,25,432,54,3383436000ns,11000ns,110,54,25.46%,100.00%,50000ns,432,54,100.00%,100.00%,61000ns,432,54,100.00%,100.00%
84,54,25,386,53,3382674800ns,11500ns,68,52,17.62%,98.11%,51500ns,383,51,99.22%,96.23%,63000ns,383,51,99.22%,96.23%
85,54,25,400,54,3434273700ns,11600ns,89,52,22.25%,96.30%,37200ns,400,54,100.00%,100.00%,48800ns,400,54,100.00%,100.00%
86,54,25,390,54,3421508100ns,12600ns,135,54,34.62%,100.00%,48700ns,390,54,100.00%,100.00%,61300ns,390,54,100.00%,100.00%
87,54,25,381,54,3502696200ns,14400ns,86,54,22.57%,100.00%,71800ns,378,53,99.21%,98.15%,86200ns,378,53,99.21%,98.15%
88,54,25,388,54,3515359300ns,12300ns,153,52,39.43%,96.30%,38500ns,378,52,97.42%,96.30%,50800ns,378,52,97.42%,96.30%
89,54,25,350,54,3523964700ns,13400ns,53,52,15.14%,96.30%,32400ns,345,51,98.57%,94.44%,45800ns,345,51,98.57%,94.44%
90,54,25,367,54,3525386500ns,12700ns,35,52,9.54%,96.30%,38300ns,361,52,98.37%,96.30%,51000ns,361,52,98.37%,96.30%
91,54,25,371,53,3576435300ns,15500ns,37,54,9.97%,101.89%,68600ns,367,51,98.92%,96.23%,84100ns,367,51,98.92%,96.23%
92,54,25,427,53,3522897100ns,20600ns,127,54,29.74%,101.89%,37700ns,427,53,100.00%,100.00%,58300ns,427,53,100.00%,100.00%
93,54,25,329,54,3541258900ns,89500ns,60,52,18.24%,96.30%,98000ns,326,54,99.09%,100.00%,187500ns,326,54,99.09%,100.00%
94,54,25,400,54,3541899800ns,12200ns,86,52,21.50%,96.30%,34300ns,388,51,97.00%,94.44%,46500ns,388,51,97.00%,94.44%
95,54,25,401,54,3592560400ns,39100ns,108,54,26.93%,100.00%,62700ns,399,53,99.50%,98.15%,101800ns,399,53,99.50%,98.15%
96,54,25,377,53,3524796900ns,13600ns,54,52,14.32%,98.11%,34100ns,368,52,97.61%,98.11%,47700ns,368,52,97.61%,98.11%
97,54,25,384,54,3536042300ns,27500ns,59,54,15.36%,100.00%,40200ns,383,52,99.74%,96.30%,67700ns,383,52,99.74%,96.30%
98,54,25,346,54,3541977400ns,12900ns,67,54,19.36%,100.00%,62500ns,346,54,100.00%,100.00%,75400ns,346,54,100.00%,100.00%
99,54,25,386,54,3581755300ns,55600ns,117,53,30.31%,98.15%,49400ns,386,54,100.00%,100.00%,105000ns,386,54,100.00%,100.00%
100,54,25,426,54,3551974400ns,13000ns,86,54,20.19%,100.00%,32300ns,415,51,97.42%,94.44%,45300ns,415,51,97.42%,94.44%
101,54,25,412,53,3544188100ns,15400ns,160,53,38.83%,100.00%,54800ns,409,52,99.27%,98.11%,70200ns,409,52,99.27%,98.11%
102,54,25,331,54,3556555300ns,12500ns,73,53,22.05%,98.15%,81500ns,320,54,96.68%,100.00%,94000ns,320,54,96.68%,100.00%
103,54,25,342,54,3577032400ns,13500ns,105,54,30.70%,100.00%,13300ns,340,54,99.42%,100.00%,26800ns,340,54,99.42%,100.00%
104,54,25,354,53,3538701300ns,15300ns,110,51,31.07%,96.23%,40900ns,349,52,98.59%,98.11%,56200ns,349,52,98.59%,98.11%
105,54,25,399,54,3553126400ns,16100ns,126,52,31.58%,96.30%,12500ns,399,54,100.00%,100.00%,28600ns,399,54,100.00%,100.00%
106,54,25,414,54,3626445400ns,12900ns,120,53,28.99%,98.15%,12000ns,414,54,100.00%,100.00%,24900ns,414,54,100.00%,100.00%
107,54,25,366,54,3539407300ns,12000ns,64,54,17.49%,100.00%,11900ns,365,51,99.73%,94.44%,23900ns,365,51,99.73%,94.44%
108,54,25,315,53,3547633300ns,13200ns,47,52,14.92%,98.11%,12300ns,315,53,100.00%,100.00%,25500ns,315,53,100.00%,100.00%
109,54,25,380,53,3561568300ns,20600ns,25,52,6.58%,98.11%,12600ns,376,52,98.95%,98.11%,33200ns,376,52,98.95%,98.11%
110,54,25,395,54,3562633100ns,24600ns,184,54,46.58%,100.00%,17600ns,395,54,100.00%,100.00%,42200ns,395,54,100.00%,100.00%
111,54,25,348,54,3553219900ns,12900ns,103,54,29.60%,100.00%,12000ns,348,54,100.00%,100.00%,24900ns,348,54,100.00%,100.00%
112,54,25,407,54,3562167200ns,15900ns,115,53,28.26%,98.15%,12300ns,401,53,98.53%,98.15%,28200ns,401,53,98.53%,98.15%
113,54,25,384,54,3551731400ns,12600ns,77,53,20.05%,98.15%,12600ns,384,54,100.00%,100.00%,25200ns,384,54,100.00%,100.00%
114,54,25,400,54,3598165400ns,12000ns,53,53,13.25%,98.15%,12200ns,395,52,98.75%,96.30%,24200ns,395,52,98.75%,96.30%
115,54,25,382,54,3554286200ns,12900ns,120,52,31.41%,96.30%,12300ns,377,54,98.69%,100.00%,25200ns,377,54,98.69%,100.00%
116,54,25,410,54,3589352500ns,31600ns,134,52,32.68%,96.30%,15600ns,399,51,97.32%,94.44%,47200ns,399,51,97.32%,94.44%
117,54,25,378,53,3552009600ns,11900ns,74,51,19.58%,96.23%,12100ns,378,54,100.00%,101.89%,24000ns,378,54,100.00%,101.89%
118,54,25,384,54,3617315000ns,16000ns,127,53,33.07%,98.15%,12500ns,373,51,97.14%,94.44%,28500ns,373,51,97.14%,94.44%
119,54,25,380,54,3560036200ns,21800ns,62,53,16.32%,98.15%,14600ns,360,50,94.74%,92.59%,36400ns,360,50,94.74%,92.59%
120,54,25,446,54,3559001600ns,16000ns,112,51,25.11%,94.44%,13900ns,442,52,99.10%,96.30%,29900ns,442,52,99.10%,96.30%
121,54,25,425,54,3582281300ns,12100ns,98,54,23.06%,100.00%,12800ns,409,54,96.24%,100.00%,24900ns,409,54,96.24%,100.00%
122,54,25,421,54,3583211900ns,14200ns,128,54,30.40%,100.00%,21600ns,414,52,98.34%,96.30%,35800ns,414,52,98.34%,96.30%
123,54,25,413,54,3594259800ns,31200ns,83,51,20.10%,94.44%,13400ns,405,51,98.06%,94.44%,44600ns,405,51,98.06%,94.44%
124,54,25,350,54,3576893800ns,73700ns,97,53,27.71%,98.15%,14900ns,341,51,97.43%,94.44%,88600ns,341,51,97.43%,94.44%
125,54,25,314,53,3558232500ns,11500ns,92,54,29.30%,101.89%,15100ns,314,53,100.00%,100.00%,26600ns,314,53,100.00%,100.00%
126,54,25,390,54,3561526300ns,6900ns,86,52,22.05%,96.30%,11800ns,383,52,98.21%,96.30%,18700ns,383,52,98.21%,96.30%
127,54,25,431,53,3578354500ns,6600ns,111,54,25.75%,101.89%,12300ns,428,54,99.30%,101.89%,18900ns,428,54,99.30%,101.89%
128,54,25,384,53,3626234500ns,22500ns,85,54,22.14%,101.89%,19000ns,384,53,100.00%,100.00%,41500ns,384,53,100.00%,100.00%
129,54,25,405,54,3609172700ns,6400ns,76,54,18.77%,100.00%,11900ns,405,54,100.00%,100.00%,18300ns,405,54,100.00%,100.00%
130,54,25,436,54,3596991200ns,6500ns,94,54,21.56%,100.00%,12500ns,436,54,100.00%,100.00%,19000ns,436,54,100.00%,100.00%
131,54,25,378,52,3620272800ns,6400ns,30,51,7.94%,98.08%,12000ns,364,52,96.30%,100.00%,18400ns,364,52,96.30%,100.00%
132,54,25,395,54,3612325800ns,13100ns,103,54,26.08%,100.00%,15000ns,395,54,100.00%,100.00%,28100ns,395,54,100.00%,100.00%
133,54,25,480,54,3609030000ns,6200ns,174,52,36.25%,96.30%,11900ns,461,50,96.04%,92.59%,18100ns,461,50,96.04%,92.59%
134,54,25,410,54,3569225200ns,51100ns,79,53,19.27%,98.15%,102000ns,405,52,98.78%,96.30%,153100ns,405,52,98.78%,96.30%
135,54,25,410,54,3584456700ns,5800ns,134,54,32.68%,100.00%,12200ns,410,54,100.00%,100.00%,18000ns,410,54,100.00%,100.00%
136,54,25,453,53,3642729900ns,6400ns,137,54,30.24%,101.89%,12700ns,453,53,100.00%,100.00%,19100ns,453,53,100.00%,100.00%
137,54,25,381,54,3578879500ns,6200ns,101,53,26.51%,98.15%,11700ns,381,53,100.00%,98.15%,17900ns,381,53,100.00%,98.15%
138,54,25,409,54,3570729700ns,10900ns,107,52,26.16%,96.30%,13800ns,394,51,96.33%,94.44%,24700ns,394,51,96.33%,94.44%
139,54,25,340,54,3584752400ns,6300ns,23,51,6.76%,94.44%,11900ns,329,51,96.76%,94.44%,18200ns,329,51,96.76%,94.44%
140,54,25,376,52,3589427100ns,6400ns,124,54,32.98%,103.85%,11900ns,376,52,100.00%,100.00%,18300ns,376,52,100.00%,100.00%
141,54,25,395,54,3598669000ns,11100ns,114,54,28.86%,100.00%,14400ns,395,54,100.00%,100.00%,25500ns,395,54,100.00%,100.00%
142,54,25,438,54,3580745600ns,6300ns,124,52,28.31%,96.30%,12100ns,438,54,100.00%,100.00%,18400ns,438,54,100.00%,100.00%
143,54,25,375,53,3585054200ns,6500ns,75,54,20.00%,101.89%,19300ns,375,53,100.00%,100.00%,25800ns,375,53,100.00%,100.00%
144,54,25,327,54,3637299500ns,6400ns,57,52,17.43%,96.30%,11700ns,327,54,100.00%,100.00%,18100ns,327,54,100.00%,100.00%
145,54,25,341,53,3572403100ns,8500ns,69,53,20.23%,100.00%,11600ns,341,53,100.00%,100.00%,20100ns,341,53,100.00%,100.00%
146,54,25,443,53,3595132200ns,6100ns,108,54,24.38%,101.89%,11800ns,443,53,100.00%,100.00%,17900ns,443,53,100.00%,100.00%
147,54,25,336,53,3586391500ns,17000ns,66,53,19.64%,100.00%,26200ns,336,53,100.00%,100.00%,43200ns,336,53,100.00%,100.00%
148,54,25,380,52,3569346900ns,6300ns,85,53,22.37%,101.92%,11500ns,380,52,100.00%,100.00%,17800ns,380,52,100.00%,100.00%
149,54,25,426,54,3574347300ns,6200ns,152,54,35.68%,100.00%,21000ns,424,52,99.53%,96.30%,27200ns,424,52,99.53%,96.30%
150,54,25,316,54,3568720100ns,6300ns,48,51,15.19%,94.44%,11500ns,311,54,98.42%,100.00%,17800ns,311,54,98.42%,100.00%
151,54,25,425,54,3579998500ns,6600ns,93,52,21.88%,96.30%,12300ns,423,54,99.53%,100.00%,18900ns,423,54,99.53%,100.00%
152,54,25,415,52,3609185300ns,7100ns,91,54,21.93%,103.85%,11700ns,415,52,100.00%,100.00%,18800ns,415,52,100.00%,100.00%
153,54,25,359,54,3561062100ns,6500ns,96,54,26.74%,100.00%,12200ns,359,54,100.00%,100.00%,18700ns,359,54,100.00%,100.00%
154,54,25,397,54,3592520500ns,5900ns,125,52,31.49%,96.30%,12200ns,391,52,98.49%,96.30%,18100ns,391,52,98.49%,96.30%
155,54,25,352,53,3573215900ns,6400ns,112,54,31.82%,101.89%,12000ns,348,52,98.86%,98.11%,18400ns,348,52,98.86%,98.11%
156,54,25,426,54,3653076600ns,6300ns,92,53,21.60%,98.15%,12100ns,426,54,100.00%,100.00%,18400ns,426,54,100.00%,100.00%
157,54,25,395,54,3596908000ns,7500ns,85,53,21.52%,98.15%,12000ns,390,53,98.73%,98.15%,19500ns,390,53,98.73%,98.15%
158,54,25,400,53,3575226800ns,6400ns,46,53,11.50%,100.00%,11500ns,400,53,100.00%,100.00%,17900ns,400,53,100.00%,100.00%
159,54,25,388,53,3579828300ns,6200ns,64,54,16.49%,101.89%,11400ns,388,53,100.00%,100.00%,17600ns,388,53,100.00%,100.00%
160,54,25,414,53,3603193800ns,5900ns,86,53,20.77%,100.00%,12200ns,408,51,98.55%,96.23%,18100ns,408,51,98.55%,96.23%
161,54,25,359,54,3585432600ns,6700ns,77,52,21.45%,96.30%,12500ns,356,54,99.16%,100.00%,19200ns,356,54,99.16%,100.00%
162,54,25,376,54,3598137100ns,6400ns,61,51,16.22%,94.44%,13000ns,369,51,98.14%,94.44%,19400ns,369,51,98.14%,94.44%
163,54,25,352,53,3582384600ns,6900ns,80,51,22.73%,96.23%,19100ns,352,53,100.00%,100.00%,26000ns,352,53,100.00%,100.00%
164,54,25,315,52,3600014600ns,6500ns,36,53,11.43%,101.92%,11400ns,315,52,100.00%,100.00%,17900ns,315,52,100.00%,100.00%
165,54,25,354,54,3592421800ns,6200ns,120,53,33.90%,98.15%,12000ns,354,54,100.00%,100.00%,18200ns,354,54,100.00%,100.00%
166,54,25,368,54,3632926700ns,6100ns,105,54,28.53%,100.00%,11800ns,355,50,96.47%,92.59%,17900ns,355,50,96.47%,92.59%
167,54,25,392,54,3592354900ns,6300ns,99,51,25.26%,94.44%,12100ns,380,52,96.94%,96.30%,18400ns,380,52,96.94%,96.30%
168,54,25,440,54,3578310700ns,6600ns,88,53,20.00%,98.15%,12800ns,440,54,100.00%,100.00%,19400ns,440,54,100.00%,100.00%
169,54,25,421,54,3594450100ns,6100ns,122,54,28.98%,100.00%,12100ns,415,52,98.57%,96.30%,18200ns,415,52,98.57%,96.30%
170,54,25,496,54,3580680400ns,6400ns,147,54,29.64%,100.00%,12200ns,496,54,100.00%,100.00%,18600ns,496,54,100.00%,100.00%
171,54,25,409,53,3584212500ns,14100ns,95,53,23.23%,100.00%,17200ns,409,53,100.00%,100.00%,31300ns,409,53,100.00%,100.00%
172,54,25,415,54,3575584100ns,5800ns,135,54,32.53%,100.00%,15400ns,413,52,99.52%,96.30%,21200ns,413,52,99.52%,96.30%
173,54,25,399,54,3576880900ns,6800ns,75,54,18.80%,100.00%,11600ns,399,54,100.00%,100.00%,18400ns,399,54,100.00%,100.00%
174,54,25,361,54,3641910500ns,6700ns,91,52,25.21%,96.30%,12600ns,357,53,98.89%,98.15%,19300ns,357,53,98.89%,98.15%
175,54,25,338,52,3584675500ns,6200ns,50,54,14.79%,103.85%,18300ns,337,51,99.70%,98.08%,24500ns,337,51,99.70%,98.08%
176,54,25,371,54,3576482100ns,6100ns,52,54,14.02%,100.00%,11300ns,370,52,99.73%,96.30%,17400ns,370,52,99.73%,96.30%
177,54,25,382,54,3594698700ns,5600ns,44,54,11.52%,100.00%,11500ns,380,52,99.48%,96.30%,17100ns,380,52,99.48%,96.30%
178,54,25,335,54,3612241600ns,6400ns,78,50,23.28%,92.59%,15000ns,325,51,97.01%,94.44%,21400ns,325,51,97.01%,94.44%
179,54,25,364,54,3596598400ns,6600ns,88,53,24.18%,98.15%,11700ns,354,51,97.25%,94.44%,18300ns,354,51,97.25%,94.44%
180,54,25,397,54,3600282400ns,6300ns,105,54,26.45%,100.00%,11700ns,382,50,96.22%,92.59%,18000ns,382,50,96.22%,92.59%
181,54,25,350,54,3604401800ns,11100ns,94,54,26.86%,100.00%,15900ns,350,54,100.00%,100.00%,27000ns,350,54,100.00%,100.00%
182,54,25,395,54,3620224300ns,6200ns,79,53,20.00%,98.15%,11800ns,395,54,100.00%,100.00%,18000ns,395,54,100.00%,100.00%
183,54,25,374,54,3583170000ns,13000ns,64,53,17.11%,98.15%,15400ns,369,54,98.66%,100.00%,28400ns,369,54,98.66%,100.00%
184,54,25,438,54,3608479100ns,6100ns,93,53,21.23%,98.15%,18100ns,433,53,98.86%,98.15%,24200ns,433,53,98.86%,98.15%
185,54,25,313,54,3582151200ns,5800ns,57,52,18.21%,96.30%,12000ns,307,53,98.08%,98.15%,17800ns,307,53,98.08%,98.15%
186,54,25,343,54,3570043000ns,11300ns,57,53,16.62%,98.15%,19000ns,343,54,100.00%,100.00%,30300ns,343,54,100.00%,100.00%
187,54,25,313,54,3598756500ns,6000ns,46,52,14.70%,96.30%,11600ns,309,52,98.72%,96.30%,17600ns,309,52,98.72%,96.30%
188,54,25,360,51,3583307500ns,6400ns,35,53,9.72%,103.92%,12000ns,360,51,100.00%,100.00%,18400ns,360,51,100.00%,100.00%
189,54,25,395,53,3596868800ns,8500ns,75,54,18.99%,101.89%,13800ns,392,54,99.24%,101.89%,22300ns,392,54,99.24%,101.89%
190,54,25,400,54,3672185700ns,15400ns,139,50,34.75%,92.59%,15500ns,400,54,100.00%,100.00%,30900ns,400,54,100.00%,100.00%
191,54,25,436,54,3594612500ns,10700ns,123,54,28.21%,100.00%,16500ns,436,54,100.00%,100.00%,27200ns,436,54,100.00%,100.00%
192,54,25,427,53,3602523900ns,6100ns,99,54,23.19%,101.89%,11200ns,427,53,100.00%,100.00%,17300ns,427,53,100.00%,100.00%
193,54,25,416,54,3582562900ns,23100ns,97,54,23.32%,100.00%,33000ns,416,54,100.00%,100.00%,56100ns,416,54,100.00%,100.00%
194,54,25,421,53,3586185100ns,6200ns,76,54,18.05%,101.89%,11300ns,421,53,100.00%,100.00%,17500ns,421,53,100.00%,100.00%
195,54,25,350,54,3584416300ns,6200ns,71,53,20.29%,98.15%,11500ns,341,52,97.43%,96.30%,17700ns,341,52,97.43%,96.30%
196,54,25,410,54,3579151400ns,6500ns,73,54,17.80%,100.00%,12200ns,410,54,100.00%,100.00%,18700ns,410,54,100.00%,100.00%
197,54,25,345,54,3612646200ns,13300ns,120,54,34.78%,100.00%,14300ns,342,53,99.13%,98.15%,27600ns,342,53,99.13%,98.15%
198,54,25,397,54,3612547900ns,6300ns,69,51,17.38%,94.44%,11100ns,393,50,98.99%,92.59%,17400ns,393,50,98.99%,92.59%
199,54,25,449,54,3591004800ns,6100ns,154,52,34.30%,96.30%,12500ns,447,52,99.55%,96.30%,18600ns,447,52,99.55%,96.30%
200,54,25,366,54,3570070400ns,6000ns,39,52,10.66%,96.30%,12600ns,355,50,96.99%,92.59%,18600ns,355,50,96.99%,92.59%
201,54,25,306,54,3583069400ns,5900ns,70,54,22.88%,100.00%,11600ns,301,52,98.37%,96.30%,17500ns,301,52,98.37%,96.30%
202,54,25,334,53,3648610900ns,7200ns,74,53,22.16%,100.00%,21600ns,334,53,100.00%,100.00%,28800ns,334,53,100.00%,100.00%
203,54,25,343,52,3655257200ns,29600ns,83,53,24.20%,101.92%,86100ns,343,52,100.00%,100.00%,115700ns,343,52,100.00%,100.00%
204,54,25,321,54,3645316100ns,6100ns,50,53,15.58%,98.15%,38900ns,316,50,98.44%,92.59%,45000ns,316,50,98.44%,92.59%
205,54,25,432,54,3599624700ns,6000ns,95,54,21.99%,100.00%,12300ns,416,50,96.30%,92.59%,18300ns,416,50,96.30%,92.59%
206,54,25,354,54,3581027300ns,6100ns,90,52,25.42%,96.30%,12700ns,336,50,94.92%,92.59%,18800ns,336,50,94.92%,92.59%
207,54,25,364,54,3598194100ns,6400ns,67,54,18.41%,100.00%,11700ns,349,51,95.88%,94.44%,18100ns,349,51,95.88%,94.44%
208,54,25,417,54,3609904300ns,6200ns,90,54,21.58%,100.00%,12000ns,417,54,100.00%,100.00%,18200ns,417,54,100.00%,100.00%
209,54,25,386,54,3618052300ns,8800ns,74,54,19.17%,100.00%,12000ns,376,52,97.41%,96.30%,20800ns,376,52,97.41%,96.30%
210,54,25,422,54,3672265000ns,6400ns,92,51,21.80%,94.44%,14600ns,404,50,95.73%,92.59%,21000ns,404,50,95.73%,92.59%
211,54,25,362,54,3587523100ns,6400ns,60,53,16.57%,98.15%,11400ns,358,52,98.90%,96.30%,17800ns,358,52,98.90%,96.30%
212,54,25,363,53,3613509700ns,6100ns,45,53,12.40%,100.00%,11800ns,353,50,97.25%,94.34%,17900ns,353,50,97.25%,94.34%
213,54,25,447,54,3620894700ns,7000ns,92,54,20.58%,100.00%,12400ns,444,52,99.33%,96.30%,19400ns,444,52,99.33%,96.30%
214,54,25,423,54,3598078100ns,8500ns,106,52,25.06%,96.30%,13300ns,421,54,99.53%,100.00%,21800ns,421,54,99.53%,100.00%
215,54,25,368,54,3595928800ns,7200ns,75,54,20.38%,100.00%,37400ns,354,51,96.20%,94.44%,44600ns,354,51,96.20%,94.44%
216,54,25,389,54,3662197600ns,6500ns,79,52,20.31%,96.30%,40000ns,379,51,97.43%,94.44%,46500ns,379,51,97.43%,94.44%
217,54,25,335,53,3579670900ns,6100ns,82,52,24.48%,98.11%,11300ns,335,53,100.00%,100.00%,17400ns,335,53,100.00%,100.00%
218,54,25,328,54,3605412500ns,8300ns,73,51,22.26%,94.44%,13100ns,328,54,100.00%,100.00%,21400ns,328,54,100.00%,100.00%
219,54,25,436,54,3603588800ns,6300ns,79,53,18.12%,98.15%,11600ns,436,54,100.00%,100.00%,17900ns,436,54,100.00%,100.00%
220,54,25,424,54,3615299600ns,5900ns,84,53,19.81%,98.15%,11400ns,424,54,100.00%,100.00%,17300ns,424,54,100.00%,100.00%
221,54,25,419,54,3625227900ns,5800ns,86,52,20.53%,96.30%,11600ns,419,54,100.00%,100.00%,17400ns,419,54,100.00%,100.00%
222,54,25,411,54,3586868300ns,6100ns,121,52,29.44%,96.30%,11700ns,411,54,100.00%,100.00%,17800ns,411,54,100.00%,100.00%
223,54,25,387,53,3588373900ns,10200ns,54,50,13.95%,94.34%,12400ns,378,51,97.67%,96.23%,22600ns,378,51,97.67%,96.23%
224,54,25,441,53,3669156100ns,6100ns,72,54,16.33%,101.89%,10900ns,441,53,100.00%,100.00%,17000ns,441,53,100.00%,100.00%
225,54,25,364,54,3552406200ns,5400ns,98,52,26.92%,96.30%,129400ns,360,53,98.90%,98.15%,134800ns,360,53,98.90%,98.15%
226,54,25,389,54,3656352800ns,5700ns,35,52,9.00%,96.30%,21900ns,389,54,100.00%,100.00%,27600ns,389,54,100.00%,100.00%
227,54,25,328,54,3567452400ns,6500ns,39,50,11.89%,92.59%,5200ns,328,54,100.00%,100.00%,11700ns,328,54,100.00%,100.00%
228,54,25,376,53,3597700200ns,7000ns,126,54,33.51%,101.89%,4800ns,376,53,100.00%,100.00%,11800ns,376,53,100.00%,100.00%
229,54,25,302,54,3611117200ns,6600ns,64,54,21.19%,100.00%,4900ns,302,54,100.00%,100.00%,11500ns,302,54,100.00%,100.00%
230,54,25,409,54,3590930900ns,5800ns,79,54,19.32%,100.00%,21900ns,409,54,100.00%,100.00%,27700ns,409,54,100.00%,100.00%
231,54,25,393,51,3602032100ns,6100ns,78,52,19.85%,101.96%,4900ns,393,51,100.00%,100.00%,11000ns,393,51,100.00%,100.00%
232,54,25,509,54,3660442400ns,6200ns,100,54,19.65%,100.00%,4900ns,509,54,100.00%,100.00%,11100ns,509,54,100.00%,100.00%
233,54,25,320,54,3592513700ns,6300ns,67,53,20.94%,98.15%,4600ns,320,54,100.00%,100.00%,10900ns,320,54,100.00%,100.00%
234,54,25,397,54,3582216900ns,25500ns,48,52,12.09%,96.30%,11200ns,396,53,99.75%,98.15%,36700ns,396,53,99.75%,98.15%
235,54,25,366,54,3616317000ns,6200ns,72,51,19.67%,94.44%,4900ns,358,51,97.81%,94.44%,11100ns,358,51,97.81%,94.44%
236,54,25,401,52,3598867500ns,6600ns,53,53,13.22%,101.92%,4700ns,401,52,100.00%,100.00%,11300ns,401,52,100.00%,100.00%
237,54,25,313,53,3595817600ns,6600ns,74,53,23.64%,100.00%,4700ns,312,52,99.68%,98.11%,11300ns,312,52,99.68%,98.11%
238,54,25,434,54,3653728400ns,6000ns,118,53,27.19%,98.15%,4600ns,431,53,99.31%,98.15%,10600ns,431,53,99.31%,98.15%
239,54,25,371,53,3580874300ns,4800ns,44,54,11.86%,101.89%,4700ns,371,53,100.00%,100.00%,9500ns,371,53,100.00%,100.00%
240,54,25,367,54,3607490800ns,6300ns,83,54,22.62%,100.00%,4700ns,353,51,96.19%,94.44%,11000ns,353,51,96.19%,94.44%
241,54,25,411,53,3623804100ns,6100ns,80,53,19.46%,100.00%,4600ns,406,52,98.78%,98.11%,10700ns,406,52,98.78%,98.11%
242,54,25,519,54,3606552500ns,6400ns,165,53,31.79%,98.15%,4800ns,519,54,100.00%,100.00%,11200ns,519,54,100.00%,100.00%
243,54,25,340,54,3594819300ns,5900ns,33,52,9.71%,96.30%,4900ns,339,53,99.71%,98.15%,10800ns,339,53,99.71%,98.15%
244,54,25,400,54,3600892300ns,5700ns,53,51,13.25%,94.44%,4600ns,394,52,98.50%,96.30%,10300ns,394,52,98.50%,96.30%
245,54,25,399,54,3599090600ns,6600ns,77,52,19.30%,96.30%,4700ns,391,54,97.99%,100.00%,11300ns,391,54,97.99%,100.00%
246,54,25,403,54,3686152400ns,6100ns,67,54,16.63%,100.00%,7800ns,400,52,99.26%,96.30%,13900ns,400,52,99.26%,96.30%
247,54,25,481,54,3622262500ns,5800ns,105,53,21.83%,98.15%,4800ns,481,54,100.00%,100.00%,10600ns,481,54,100.00%,100.00%
248,54,25,499,54,3627992000ns,5600ns,81,54,16.23%,100.00%,5000ns,494,53,99.00%,98.15%,10600ns,494,53,99.00%,98.15%
249,54,25,371,54,3620463000ns,6200ns,104,53,28.03%,98.15%,4700ns,362,51,97.57%,94.44%,10900ns,362,51,97.57%,94.44%
250,54,25,456,54,3645992800ns,5000ns,116,54,25.44%,100.00%,4600ns,452,53,99.12%,98.15%,9600ns,452,53,99.12%,98.15%
251,54,25,390,54,3592875000ns,8800ns,93,54,23.85%,100.00%,5700ns,381,54,97.69%,100.00%,14500ns,381,54,97.69%,100.00%
252,54,25,449,54,3612387300ns,5200ns,42,53,9.35%,98.15%,4400ns,446,51,99.33%,94.44%,9600ns,446,51,99.33%,94.44%
253,54,25,468,54,3598325400ns,5300ns,69,52,14.74%,96.30%,4400ns,461,52,98.50%,96.30%,9700ns,461,52,98.50%,96.30%
254,54,25,423,54,3673004500ns,5100ns,89,51,21.04%,94.44%,4700ns,418,53,98.82%,98.15%,9800ns,418,53,98.82%,98.15%
255,54,25,381,54,3580329800ns,5700ns,88,51,23.10%,94.44%,4600ns,381,54,100.00%,100.00%,10300ns,381,54,100.00%,100.00%
256,54,25,402,54,3591174000ns,6000ns,105,53,26.12%,98.15%,4700ns,395,52,98.26%,96.30%,10700ns,395,52,98.26%,96.30%
257,54,25,436,54,3621796900ns,5000ns,87,53,19.95%,98.15%,4500ns,430,51,98.62%,94.44%,9500ns,430,51,98.62%,94.44%
258,54,25,368,53,3660887000ns,6100ns,23,51,6.25%,96.23%,4700ns,368,53,100.00%,100.00%,10800ns,368,53,100.00%,100.00%
259,54,25,389,54,3582896000ns,5900ns,135,54,34.70%,100.00%,5100ns,389,54,100.00%,100.00%,11000ns,389,54,100.00%,100.00%
260,54,25,317,54,3607135400ns,4800ns,98,52,30.91%,96.30%,4600ns,302,50,95.27%,92.59%,9400ns,302,50,95.27%,92.59%
261,54,25,426,54,3614193900ns,8100ns,119,54,27.93%,100.00%,6200ns,424,53,99.53%,98.15%,14300ns,424,53,99.53%,98.15%
262,54,25,409,53,3647758200ns,6700ns,144,53,35.21%,100.00%,4600ns,406,54,99.27%,101.89%,11300ns,406,54,99.27%,101.89%
263,54,25,425,54,3640549300ns,6300ns,141,54,33.18%,100.00%,4800ns,425,54,100.00%,100.00%,11100ns,425,54,100.00%,100.00%
264,54,25,345,54,3616235100ns,10000ns,138,51,40.00%,94.44%,6900ns,345,54,100.00%,100.00%,16900ns,345,54,100.00%,100.00%
265,54,25,451,53,3623641700ns,6400ns,141,53,31.26%,100.00%,5300ns,448,52,99.33%,98.11%,11700ns,448,52,99.33%,98.11%
266,54,25,481,53,3624486800ns,6400ns,109,53,22.66%,100.00%,4300ns,471,50,97.92%,94.34%,10700ns,471,50,97.92%,94.34%
267,54,25,414,54,3591465800ns,6400ns,166,54,40.10%,100.00%,4600ns,414,54,100.00%,100.00%,11000ns,414,54,100.00%,100.00%
268,54,25,389,54,3600935500ns,6500ns,96,52,24.68%,96.30%,4900ns,382,52,98.20%,96.30%,11400ns,382,52,98.20%,96.30%
269,54,25,478,54,3609950200ns,5800ns,147,53,30.75%,98.15%,4900ns,475,53,99.37%,98.15%,10700ns,475,53,99.37%,98.15%
270,54,25,245,51,3583966400ns,5800ns,58,54,23.67%,105.88%,5200ns,244,50,99.59%,98.04%,11000ns,244,50,99.59%,98.04%
271,54,25,397,54,3609543300ns,6100ns,95,51,23.93%,94.44%,4700ns,397,54,100.00%,100.00%,10800ns,397,54,100.00%,100.00%
272,54,25,415,54,3618119300ns,6600ns,94,52,22.65%,96.30%,4600ns,415,54,100.00%,100.00%,11200ns,415,54,100.00%,100.00%
273,54,25,431,54,3599588100ns,6900ns,54,52,12.53%,96.30%,5100ns,426,52,98.84%,96.30%,12000ns,426,52,98.84%,96.30%
274,54,25,407,54,3654902900ns,6500ns,84,52,20.64%,96.30%,5600ns,407,54,100.00%,100.00%,12100ns,407,54,100.00%,100.00%
275,54,25,445,54,3618750600ns,6200ns,102,53,22.92%,98.15%,5200ns,425,50,95.51%,92.59%,11400ns,425,50,95.51%,92.59%
276,54,25,373,54,3655709800ns,6400ns,169,51,45.31%,94.44%,4900ns,353,50,94.64%,92.59%,11300ns,353,50,94.64%,92.59%
277,54,25,418,54,3565237900ns,6600ns,70,52,16.75%,96.30%,5500ns,413,53,98.80%,98.15%,12100ns,413,53,98.80%,98.15%
278,54,25,393,53,3630233800ns,5900ns,74,51,18.83%,96.23%,5800ns,393,53,100.00%,100.00%,11700ns,393,53,100.00%,100.00%
279,54,25,352,54,3618729500ns,6400ns,53,54,15.06%,100.00%,4500ns,350,53,99.43%,98.15%,10900ns,350,53,99.43%,98.15%
280,54,25,460,54,3606056000ns,6800ns,126,54,27.39%,100.00%,4900ns,460,54,100.00%,100.00%,11700ns,460,54,100.00%,100.00%
281,54,25,438,54,3602270400ns,6200ns,89,53,20.32%,98.15%,4400ns,438,52,100.00%,96.30%,10600ns,438,52,100.00%,96.30%
282,54,25,437,54,3696319400ns,6600ns,122,53,27.92%,98.15%,4700ns,416,50,95.19%,92.59%,11300ns,416,50,95.19%,92.59%
283,54,25,354,53,3621311300ns,6900ns,84,54,23.73%,101.89%,4700ns,351,52,99.15%,98.11%,11600ns,351,52,99.15%,98.11%
284,54,25,401,53,3590259800ns,6400ns,68,52,16.96%,98.11%,4600ns,401,53,100.00%,100.00%,11000ns,401,53,100.00%,100.00%
285,54,25,428,54,3611482800ns,5900ns,116,53,27.10%,98.15%,5100ns,428,54,100.00%,100.00%,11000ns,428,54,100.00%,100.00%
286,54,25,389,54,3636614100ns,46700ns,122,54,31.36%,100.00%,16500ns,389,54,100.00%,100.00%,63200ns,389,54,100.00%,100.00%
287,54,25,399,53,3591281300ns,6600ns,58,51,14.54%,96.23%,4800ns,398,52,99.75%,98.11%,11400ns,398,52,99.75%,98.11%
288,54,25,396,54,3583353700ns,10900ns,74,54,18.69%,100.00%,9400ns,396,54,100.00%,100.00%,20300ns,396,54,100.00%,100.00%
289,54,25,333,52,3607766000ns,8000ns,67,54,20.12%,103.85%,5800ns,333,52,100.00%,100.00%,13800ns,333,52,100.00%,100.00%
290,54,25,357,54,3614636000ns,16500ns,124,54,34.73%,100.00%,6600ns,357,54,100.00%,100.00%,23100ns,357,54,100.00%,100.00%
291,54,25,365,54,3610432800ns,6400ns,129,54,35.34%,100.00%,4700ns,363,54,99.45%,100.00%,11100ns,363,54,99.45%,100.00%
292,54,25,344,54,3606554100ns,6900ns,104,52,30.23%,96.30%,7100ns,344,54,100.00%,100.00%,14000ns,344,54,100.00%,100.00%
293,54,25,306,54,3571623600ns,6300ns,67,54,21.90%,100.00%,4700ns,305,53,99.67%,98.15%,11000ns,305,53,99.67%,98.15%
294,54,25,376,54,3578527800ns,6100ns,91,51,24.20%,94.44%,5400ns,376,54,100.00%,100.00%,11500ns,376,54,100.00%,100.00%
295,54,25,431,54,3587841000ns,6200ns,88,52,20.42%,96.30%,5000ns,428,53,99.30%,98.15%,11200ns,428,53,99.30%,98.15%
296,54,25,362,54,3593939300ns,6200ns,103,54,28.45%,100.00%,5300ns,362,54,100.00%,100.00%,11500ns,362,54,100.00%,100.00%
297,54,25,427,54,3604941700ns,9500ns,130,54,30.44%,100.00%,5400ns,424,52,99.30%,96.30%,14900ns,424,52,99.30%,96.30%
298,54,25,378,53,3605790800ns,8200ns,138,54,36.51%,101.89%,5900ns,378,53,100.00%,100.00%,14100ns,378,53,100.00%,100.00%
299,54,25,442,54,3609861300ns,6500ns,106,54,23.98%,100.00%,6200ns,442,54,100.00%,100.00%,12700ns,442,54,100.00%,100.00%
300,54,25,367,54,3657598000ns,6800ns,74,52,20.16%,96.30%,4900ns,355,51,96.73%,94.44%,11700ns,355,51,96.73%,94.44%
301,54,25,340,54,3615001300ns,6500ns,114,54,33.53%,100.00%,4600ns,332,51,97.65%,94.44%,11100ns,332,51,97.65%,94.44%
302,54,25,410,54,3588377300ns,24400ns,128,52,31.22%,96.30%,9100ns,394,50,96.10%,92.59%,33500ns,394,50,96.10%,92.59%
303,54,25,493,54,3605896200ns,6200ns,92,52,18.66%,96.30%,5100ns,484,52,98.17%,96.30%,11300ns,484,52,98.17%,96.30%
304,54,25,365,54,3583768100ns,9100ns,98,50,26.85%,92.59%,5300ns,359,52,98.36%,96.30%,14400ns,359,52,98.36%,96.30%
305,54,25,382,54,3667006200ns,6600ns,72,54,18.85%,100.00%,4800ns,361,50,94.50%,92.59%,11400ns,361,50,94.50%,92.59%
306,54,25,482,54,3593856300ns,6600ns,209,52,43.36%,96.30%,4400ns,476,53,98.76%,98.15%,11000ns,476,53,98.76%,98.15%
307,54,25,414,54,3595406000ns,6400ns,68,52,16.43%,96.30%,4500ns,401,51,96.86%,94.44%,10900ns,401,51,96.86%,94.44%
308,54,25,366,54,3617801100ns,6200ns,65,51,17.76%,94.44%,4700ns,358,52,97.81%,96.30%,10900ns,358,52,97.81%,96.30%
309,54,25,374,54,3605997600ns,6100ns,56,53,14.97%,98.15%,4700ns,363,51,97.06%,94.44%,10800ns,363,51,97.06%,94.44%
310,54,25,332,54,3614670700ns,5900ns,57,54,17.17%,100.00%,4400ns,319,51,96.08%,94.44%,10300ns,319,51,96.08%,94.44%
311,54,25,375,54,3679140000ns,6100ns,60,54,16.00%,100.00%,5100ns,372,52,99.20%,96.30%,11200ns,372,52,99.20%,96.30%
312,54,25,418,54,3627410600ns,6100ns,110,51,26.32%,94.44%,4800ns,408,51,97.61%,94.44%,10900ns,408,51,97.61%,94.44%
313,54,25,380,54,3635797100ns,5800ns,102,54,26.84%,100.00%,5100ns,380,54,100.00%,100.00%,10900ns,380,54,100.00%,100.00%
314,54,25,432,54,3611289200ns,6300ns,89,51,20.60%,94.44%,4700ns,420,52,97.22%,96.30%,11000ns,420,52,97.22%,96.30%
315,54,25,372,54,3621773300ns,6600ns,81,54,21.77%,100.00%,4800ns,363,51,97.58%,94.44%,11400ns,363,51,97.58%,94.44%
316,54,25,378,54,3597527600ns,6700ns,78,54,20.63%,100.00%,4600ns,378,54,100.00%,100.00%,11300ns,378,54,100.00%,100.00%
317,54,25,453,54,3612873400ns,5900ns,78,54,17.22%,100.00%,4500ns,453,54,100.00%,100.00%,10400ns,453,54,100.00%,100.00%
318,54,25,410,54,3625439400ns,6500ns,90,54,21.95%,100.00%,4900ns,403,51,98.29%,94.44%,11400ns,403,51,98.29%,94.44%
319,54,25,367,54,3661186400ns,7400ns,79,52,21.53%,96.30%,4800ns,360,52,98.09%,96.30%,12200ns,360,52,98.09%,96.30%
320,54,25,413,54,3617658000ns,5700ns,61,54,14.77%,100.00%,4700ns,413,54,100.00%,100.00%,10400ns,413,54,100.00%,100.00%
321,54,25,362,54,3597926600ns,9000ns,103,54,28.45%,100.00%,5400ns,351,51,96.96%,94.44%,14400ns,351,51,96.96%,94.44%
322,54,25,384,54,3630558000ns,6200ns,83,51,21.61%,94.44%,4800ns,381,54,99.22%,100.00%,11000ns,381,54,99.22%,100.00%
323,54,25,369,53,3614449000ns,5900ns,112,52,30.35%,98.11%,4300ns,369,53,100.00%,100.00%,10200ns,369,53,100.00%,100.00%
324,54,25,439,54,3609277800ns,6300ns,97,53,22.10%,98.15%,8700ns,439,54,100.00%,100.00%,15000ns,439,54,100.00%,100.00%
325,54,25,369,54,3639468600ns,6200ns,133,54,36.04%,100.00%,4900ns,367,54,99.46%,100.00%,11100ns,367,54,99.46%,100.00%
326,54,25,365,54,3571750900ns,6200ns,84,53,23.01%,98.15%,4500ns,365,54,100.00%,100.00%,10700ns,365,54,100.00%,100.00%
327,54,25,338,53,3637978500ns,8300ns,89,54,26.33%,101.89%,5700ns,338,53,100.00%,100.00%,14000ns,338,53,100.00%,100.00%
328,54,25,286,54,3601401500ns,6000ns,66,53,23.08%,98.15%,9600ns,284,54,99.30%,100.00%,15600ns,284,54,99.30%,100.00%
329,54,25,305,54,3637531500ns,18400ns,30,51,9.84%,94.44%,6700ns,305,54,100.00%,100.00%,25100ns,305,54,100.00%,100.00%
330,54,25,357,54,3615499000ns,6600ns,82,54,22.97%,100.00%,4800ns,348,51,97.48%,94.44%,11400ns,348,51,97.48%,94.44%
331,54,25,394,54,3652543100ns,14900ns,98,52,24.87%,96.30%,4600ns,391,52,99.24%,96.30%,19500ns,391,52,99.24%,96.30%
332,54,25,356,54,3663408600ns,23900ns,39,53,10.96%,98.15%,9700ns,356,54,100.00%,100.00%,33600ns,356,54,100.00%,100.00%
333,54,25,412,54,3637324000ns,6800ns,97,52,23.54%,96.30%,4700ns,412,54,100.00%,100.00%,11500ns,412,54,100.00%,100.00%
334,54,25,448,52,3619358700ns,7000ns,81,52,18.08%,100.00%,4500ns,443,51,98.88%,98.08%,11500ns,443,51,98.88%,98.08%
335,54,25,329,54,3597863100ns,6800ns,52,51,15.81%,94.44%,5000ns,329,54,100.00%,100.00%,11800ns,329,54,100.00%,100.00%
336,54,25,403,54,3642043800ns,6400ns,85,52,21.09%,96.30%,4600ns,395,52,98.01%,96.30%,11000ns,395,52,98.01%,96.30%
337,54,25,437,54,3603792100ns,6200ns,111,51,25.40%,94.44%,5000ns,437,54,100.00%,100.00%,11200ns,437,54,100.00%,100.00%
338,54,25,453,54,3589948400ns,6600ns,109,54,24.06%,100.00%,5200ns,453,54,100.00%,100.00%,11800ns,453,54,100.00%,100.00%
339,54,25,409,54,3595851300ns,6400ns,209,54,51.10%,100.00%,4800ns,401,52,98.04%,96.30%,11200ns,401,52,98.04%,96.30%
340,54,25,388,54,3640609500ns,6300ns,85,54,21.91%,100.00%,4500ns,386,53,99.48%,98.15%,10800ns,386,53,99.48%,98.15%
341,54,25,406,54,3599601100ns,6600ns,111,51,27.34%,94.44%,5300ns,406,54,100.00%,100.00%,11900ns,406,54,100.00%,100.00%
342,54,25,340,54,3583025000ns,6200ns,74,53,21.76%,98.15%,4400ns,333,51,97.94%,94.44%,10600ns,333,51,97.94%,94.44%
343,54,25,419,53,3606105500ns,6400ns,114,54,27.21%,101.89%,5000ns,416,53,99.28%,100.00%,11400ns,416,53,99.28%,100.00%
344,54,25,358,54,3661157300ns,6400ns,67,53,18.72%,98.15%,4300ns,358,54,100.00%,100.00%,10700ns,358,54,100.00%,100.00%
345,54,25,353,54,3617033300ns,9100ns,64,54,18.13%,100.00%,4600ns,348,52,98.58%,96.30%,13700ns,348,52,98.58%,96.30%
346,54,25,409,54,3631114300ns,6200ns,81,54,19.80%,100.00%,5900ns,409,54,100.00%,100.00%,12100ns,409,54,100.00%,100.00%
347,54,25,430,54,3595284000ns,20200ns,43,51,10.00%,94.44%,5100ns,430,54,100.00%,100.00%,25300ns,430,54,100.00%,100.00%
348,54,25,348,54,3601492100ns,6400ns,112,54,32.18%,100.00%,7600ns,348,54,100.00%,100.00%,14000ns,348,54,100.00%,100.00%
349,54,25,333,54,3586309600ns,9100ns,47,53,14.11%,98.15%,4400ns,321,51,96.40%,94.44%,13500ns,321,51,96.40%,94.44%
350,54,25,375,54,3628968900ns,5600ns,32,52,8.53%,96.30%,4600ns,353,50,94.13%,92.59%,10200ns,353,50,94.13%,92.59%
351,54,25,379,54,3622958200ns,6800ns,78,52,20.58%,96.30%,5500ns,379,53,100.00%,98.15%,12300ns,379,53,100.00%,98.15%
352,54,25,378,54,3573886300ns,7700ns,65,51,17.20%,94.44%,5400ns,378,54,100.00%,100.00%,13100ns,378,54,100.00%,100.00%
353,54,25,367,54,3590447700ns,6900ns,74,54,20.16%,100.00%,5300ns,363,54,98.91%,100.00%,12200ns,363,54,98.91%,100.00%
354,54,25,368,54,3626822900ns,6000ns,109,54,29.62%,100.00%,5000ns,358,51,97.28%,94.44%,11000ns,358,51,97.28%,94.44%
355,54,25,370,54,3606589400ns,6000ns,99,52,26.76%,96.30%,4900ns,370,54,100.00%,100.00%,10900ns,370,54,100.00%,100.00%
356,54,25,373,54,3599684200ns,6300ns,60,51,16.09%,94.44%,4700ns,366,51,98.12%,94.44%,11000ns,366,51,98.12%,94.44%
357,54,25,386,54,3608235700ns,6600ns,97,52,25.13%,96.30%,4400ns,386,54,100.00%,100.00%,11000ns,386,54,100.00%,100.00%
358,54,25,398,54,3653457600ns,6400ns,80,54,20.10%,100.00%,4600ns,382,50,95.98%,92.59%,11000ns,382,50,95.98%,92.59%
359,54,25,410,54,3615628400ns,6300ns,80,53,19.51%,98.15%,4800ns,399,51,97.32%,94.44%,11100ns,399,51,97.32%,94.44%
360,54,25,394,54,3603862500ns,6500ns,68,52,17.26%,96.30%,7600ns,394,54,100.00%,100.00%,14100ns,394,54,100.00%,100.00%
361,54,25,350,53,3628263700ns,6200ns,28,53,8.00%,100.00%,4800ns,345,53,98.57%,100.00%,11000ns,345,53,98.57%,100.00%
362,54,25,368,53,3603268700ns,6100ns,58,52,15.76%,98.11%,4700ns,368,53,100.00%,100.00%,10800ns,368,53,100.00%,100.00%
363,54,25,368,53,3591286800ns,5900ns,55,54,14.95%,101.89%,4800ns,368,53,100.00%,100.00%,10700ns,368,53,100.00%,100.00%
364,54,25,391,54,3674013300ns,6100ns,38,52,9.72%,96.30%,5000ns,391,54,100.00%,100.00%,11100ns,391,54,100.00%,100.00%
365,54,25,305,54,3584095100ns,6300ns,83,53,27.21%,98.15%,4800ns,305,53,100.00%,98.15%,11100ns,305,53,100.00%,98.15%
366,54,25,429,54,3595263200ns,6300ns,102,53,23.78%,98.15%,4800ns,412,50,96.04%,92.59%,11100ns,412,50,96.04%,92.59%
367,54,25,423,54,3606842900ns,7000ns,112,51,26.48%,94.44%,4800ns,404,50,95.51%,92.59%,11800ns,404,50,95.51%,92.59%
368,54,25,361,54,3591401000ns,8100ns,91,54,25.21%,100.00%,5200ns,355,53,98.34%,98.15%,13300ns,355,53,98.34%,98.15%
369,54,25,387,54,3599442700ns,7600ns,68,54,17.57%,100.00%,5200ns,387,54,100.00%,100.00%,12800ns,387,54,100.00%,100.00%
370,54,25,404,54,3665942600ns,20100ns,41,54,10.15%,100.00%,12500ns,404,54,100.00%,100.00%,32600ns,404,54,100.00%,100.00%
371,54,25,457,54,3632329100ns,6400ns,93,53,20.35%,98.15%,4500ns,455,52,99.56%,96.30%,10900ns,455,52,99.56%,96.30%
372,54,25,401,54,3615395800ns,6300ns,61,54,15.21%,100.00%,4900ns,400,53,99.75%,98.15%,11200ns,400,53,99.75%,98.15%
373,54,25,400,52,3692496000ns,6500ns,133,53,33.25%,101.92%,4600ns,400,52,100.00%,100.00%,11100ns,400,52,100.00%,100.00%
374,54,25,387,54,3608480300ns,7400ns,99,54,25.58%,100.00%,4900ns,387,54,100.00%,100.00%,12300ns,387,54,100.00%,100.00%
375,54,25,359,54,3612876100ns,6600ns,85,52,23.68%,96.30%,5100ns,357,52,99.44%,96.30%,11700ns,357,52,99.44%,96.30%
376,54,25,434,53,3583457700ns,6600ns,83,51,19.12%,96.23%,5200ns,417,50,96.08%,94.34%,11800ns,417,50,96.08%,94.34%
377,54,25,423,54,3641125700ns,6100ns,75,53,17.73%,98.15%,5100ns,412,51,97.40%,94.44%,11200ns,412,51,97.40%,94.44%
378,54,25,413,54,3612810900ns,6500ns,69,54,16.71%,100.00%,4700ns,409,52,99.03%,96.30%,11200ns,409,52,99.03%,96.30%
379,54,25,414,54,3581906800ns,6200ns,67,53,16.18%,98.15%,4900ns,408,52,98.55%,96.30%,11100ns,408,52,98.55%,96.30%
380,54,25,382,54,3617046300ns,6300ns,106,53,27.75%,98.15%,4900ns,373,53,97.64%,98.15%,11200ns,373,53,97.64%,98.15%
381,54,25,344,54,3665890700ns,6500ns,76,51,22.09%,94.44%,4700ns,341,52,99.13%,96.30%,11200ns,341,52,99.13%,96.30%
382,54,25,341,54,3617726900ns,7000ns,75,51,21.99%,94.44%,4600ns,341,54,100.00%,100.00%,11600ns,341,54,100.00%,100.00%
383,54,25,380,54,3599511100ns,6200ns,81,54,21.32%,100.00%,4700ns,374,51,98.42%,94.44%,10900ns,374,51,98.42%,94.44%
384,54,25,436,54,3623456500ns,6700ns,145,53,33.26%,98.15%,5100ns,436,54,100.00%,100.00%,11800ns,436,54,100.00%,100.00%
385,54,25,362,54,3623606000ns,6200ns,83,54,22.93%,100.00%,4900ns,362,54,100.00%,100.00%,11100ns,362,54,100.00%,100.00%
386,54,25,394,53,3615023200ns,6600ns,99,53,25.13%,100.00%,4800ns,394,53,100.00%,100.00%,11400ns,394,53,100.00%,100.00%
387,54,25,415,53,3661598100ns,6400ns,80,54,19.28%,101.89%,4800ns,415,53,100.00%,100.00%,11200ns,415,53,100.00%,100.00%
388,54,25,435,52,3620873300ns,6700ns,59,54,13.56%,103.85%,5300ns,435,52,100.00%,100.00%,12000ns,435,52,100.00%,100.00%
389,54,25,244,54,3599555500ns,6000ns,39,52,15.98%,96.30%,5000ns,244,54,100.00%,100.00%,11000ns,244,54,100.00%,100.00%
390,54,25,417,54,3595089200ns,6400ns,73,53,17.51%,98.15%,4700ns,417,54,100.00%,100.00%,11100ns,417,54,100.00%,100.00%
391,54,25,423,54,3604890000ns,6900ns,87,53,20.57%,98.15%,4700ns,418,53,98.82%,98.15%,11600ns,418,53,98.82%,98.15%
392,54,25,427,54,3622983200ns,6400ns,146,54,34.19%,100.00%,5100ns,427,54,100.00%,100.00%,11500ns,427,54,100.00%,100.00%
393,54,25,306,54,3604806400ns,6500ns,63,53,20.59%,98.15%,5000ns,303,53,99.02%,98.15%,11500ns,303,53,99.02%,98.15%
394,54,25,442,54,3600799400ns,6500ns,67,53,15.16%,98.15%,5000ns,442,54,100.00%,100.00%,11500ns,442,54,100.00%,100.00%
395,54,25,357,54,3601613900ns,6100ns,118,53,33.05%,98.15%,5400ns,353,52,98.88%,96.30%,11500ns,353,52,98.88%,96.30%
396,54,25,365,54,3600878300ns,6400ns,71,54,19.45%,100.00%,4800ns,360,54,98.63%,100.00%,11200ns,360,54,98.63%,100.00%
397,54,25,396,54,3585112700ns,6700ns,67,53,16.92%,98.15%,4800ns,396,54,100.00%,100.00%,11500ns,396,54,100.00%,100.00%
398,54,25,384,54,3628407600ns,6000ns,56,54,14.58%,100.00%,5900ns,384,54,100.00%,100.00%,11900ns,384,54,100.00%,100.00%
399,54,25,422,53,3602662600ns,5700ns,87,54,20.62%,101.89%,4500ns,420,52,99.53%,98.11%,10200ns,420,52,99.53%,98.11%
400,54,25,421,54,3673315500ns,6400ns,57,54,13.54%,100.00%,5000ns,421,54,100.00%,100.00%,11400ns,421,54,100.00%,100.00%
401,54,25,367,54,3609615000ns,6000ns,51,54,13.90%,100.00%,5500ns,357,50,97.28%,92.59%,11500ns,357,50,97.28%,92.59%
402,54,25,362,54,3594914300ns,6800ns,87,53,24.03%,98.15%,4900ns,356,54,98.34%,100.00%,11700ns,356,54,98.34%,100.00%
403,54,25,330,54,3581570300ns,7400ns,92,54,27.88%,100.00%,4800ns,327,53,99.09%,98.15%,12200ns,327,53,99.09%,98.15%
404,54,25,398,54,3598615100ns,6900ns,88,54,22.11%,100.00%,4800ns,394,53,98.99%,98.15%,11700ns,394,53,98.99%,98.15%
405,54,25,378,54,3604043900ns,6100ns,101,52,26.72%,96.30%,4700ns,367,52,97.09%,96.30%,10800ns,367,52,97.09%,96.30%
406,54,25,385,53,3672871100ns,6900ns,103,53,26.75%,100.00%,5000ns,385,53,100.00%,100.00%,11900ns,385,53,100.00%,100.00%
407,54,25,434,54,3610377300ns,46300ns,186,52,42.86%,96.30%,20300ns,425,52,97.93%,96.30%,66600ns,425,52,97.93%,96.30%
408,54,25,391,53,3649496000ns,6000ns,76,51,19.44%,96.23%,5000ns,389,52,99.49%,98.11%,11000ns,389,52,99.49%,98.11%
409,54,25,293,54,3609658400ns,13400ns,99,52,33.79%,96.30%,6400ns,287,52,97.95%,96.30%,19800ns,287,52,97.95%,96.30%
410,54,25,365,54,3655974900ns,6700ns,55,53,15.07%,98.15%,4600ns,357,51,97.81%,94.44%,11300ns,357,51,97.81%,94.44%
411,54,25,352,54,3628589900ns,6200ns,75,54,21.31%,100.00%,5300ns,342,53,97.16%,98.15%,11500ns,342,53,97.16%,98.15%
412,54,25,432,54,3616190200ns,6000ns,75,52,17.36%,96.30%,5200ns,420,52,97.22%,96.30%,11200ns,420,52,97.22%,96.30%
413,54,25,335,54,3618243100ns,6600ns,78,52,23.28%,96.30%,4900ns,327,52,97.61%,96.30%,11500ns,327,52,97.61%,96.30%
414,54,25,377,54,3712083600ns,6200ns,152,54,40.32%,100.00%,5900ns,363,51,96.29%,94.44%,12100ns,363,51,96.29%,94.44%
415,54,25,373,53,3619290600ns,6700ns,87,51,23.32%,96.23%,4900ns,373,53,100.00%,100.00%,11600ns,373,53,100.00%,100.00%
416,54,25,418,54,3586749400ns,9000ns,77,52,18.42%,96.30%,4600ns,412,52,98.56%,96.30%,13600ns,412,52,98.56%,96.30%
417,54,25,346,54,3582503000ns,6400ns,46,53,13.29%,98.15%,4600ns,339,52,97.98%,96.30%,11000ns,339,52,97.98%,96.30%
418,54,25,372,53,3580443000ns,6300ns,92,52,24.73%,98.11%,4800ns,362,51,97.31%,96.23%,11100ns,362,51,97.31%,96.23%
419,54,25,405,54,3579233500ns,6300ns,102,54,25.19%,100.00%,4600ns,405,54,100.00%,100.00%,10900ns,405,54,100.00%,100.00%
420,54,25,377,54,3584156300ns,7000ns,76,53,20.16%,98.15%,4900ns,376,53,99.73%,98.15%,11900ns,376,53,99.73%,98.15%
421,54,25,472,54,3602215800ns,6900ns,146,53,30.93%,98.15%,5200ns,472,54,100.00%,100.00%,12100ns,472,54,100.00%,100.00%
422,54,25,449,53,3602122700ns,31000ns,163,54,36.30%,101.89%,10100ns,449,53,100.00%,100.00%,41100ns,449,53,100.00%,100.00%
423,54,25,407,53,3604262800ns,5800ns,168,52,41.28%,98.11%,4700ns,407,53,100.00%,100.00%,10500ns,407,53,100.00%,100.00%
424,54,25,357,53,3616138700ns,5900ns,52,50,14.57%,94.34%,4800ns,348,50,97.48%,94.34%,10700ns,348,50,97.48%,94.34%
425,54,25,411,54,3601300900ns,6500ns,70,54,17.03%,100.00%,4800ns,409,53,99.51%,98.15%,11300ns,409,53,99.51%,98.15%
426,54,25,388,54,3627345700ns,6400ns,108,54,27.84%,100.00%,5100ns,388,54,100.00%,100.00%,11500ns,388,54,100.00%,100.00%
427,54,25,336,53,3623228700ns,6300ns,49,51,14.58%,96.23%,5100ns,336,53,100.00%,100.00%,11400ns,336,53,100.00%,100.00%
428,54,25,443,54,3591534900ns,6800ns,116,53,26.19%,98.15%,4500ns,436,51,98.42%,94.44%,11300ns,436,51,98.42%,94.44%
429,54,25,361,54,3613222000ns,6000ns,60,54,16.62%,100.00%,5000ns,361,54,100.00%,100.00%,11000ns,361,54,100.00%,100.00%
430,54,25,372,54,3596466500ns,6000ns,149,54,40.05%,100.00%,4700ns,368,54,98.92%,100.00%,10700ns,368,54,98.92%,100.00%
431,54,25,372,54,3606746300ns,13900ns,48,53,12.90%,98.15%,5600ns,362,51,97.31%,94.44%,19500ns,362,51,97.31%,94.44%
432,54,25,427,54,3603785300ns,10900ns,112,54,26.23%,100.00%,6600ns,404,49,94.61%,90.74%,17500ns,404,49,94.61%,90.74%
433,54,25,366,54,3573322100ns,36800ns,60,51,16.39%,94.44%,13900ns,366,54,100.00%,100.00%,50700ns,366,54,100.00%,100.00%
434,54,25,428,53,3640176400ns,6500ns,91,54,21.26%,101.89%,4600ns,428,52,100.00%,98.11%,11100ns,428,52,100.00%,98.11%
435,54,25,367,54,3611215900ns,25300ns,78,53,21.25%,98.15%,10500ns,353,53,96.19%,98.15%,35800ns,353,53,96.19%,98.15%
436,54,25,349,54,3642805700ns,6100ns,85,54,24.36%,100.00%,5300ns,345,53,98.85%,98.15%,11400ns,345,53,98.85%,98.15%
437,54,25,413,53,3609399700ns,5800ns,50,52,12.11%,98.11%,7400ns,413,53,100.00%,100.00%,13200ns,413,53,100.00%,100.00%
438,54,25,401,54,3644465300ns,8400ns,135,52,33.67%,96.30%,6000ns,394,52,98.25%,96.30%,14400ns,394,52,98.25%,96.30%
439,54,25,443,54,3644596700ns,6800ns,126,54,28.44%,100.00%,4700ns,440,53,99.32%,98.15%,11500ns,440,53,99.32%,98.15%
440,54,25,375,54,3610209500ns,5700ns,67,51,17.87%,94.44%,5400ns,374,53,99.73%,98.15%,11100ns,374,53,99.73%,98.15%
441,54,25,391,54,3603375900ns,7500ns,73,52,18.67%,96.30%,7200ns,386,53,98.72%,98.15%,14700ns,386,53,98.72%,98.15%
442,54,25,388,53,3638584300ns,7400ns,59,53,15.21%,100.00%,5700ns,388,53,100.00%,100.00%,13100ns,388,53,100.00%,100.00%
443,54,25,293,54,3581288300ns,7600ns,70,53,23.89%,98.15%,5200ns,291,52,99.32%,96.30%,12800ns,291,52,99.32%,96.30%
444,54,25,306,54,3627431500ns,6400ns,103,52,33.66%,96.30%,4900ns,294,51,96.08%,94.44%,11300ns,294,51,96.08%,94.44%
445,54,25,406,53,3605770600ns,6300ns,144,54,35.47%,101.89%,4600ns,406,54,100.00%,101.89%,10900ns,406,54,100.00%,101.89%
446,54,25,390,54,3643227900ns,5600ns,100,54,25.64%,100.00%,5600ns,390,54,100.00%,100.00%,11200ns,390,54,100.00%,100.00%
447,54,25,363,54,3615991500ns,6000ns,62,54,17.08%,100.00%,5100ns,363,54,100.00%,100.00%,11100ns,363,54,100.00%,100.00%
448,54,25,366,54,3604290100ns,7400ns,118,54,32.24%,100.00%,5000ns,358,51,97.81%,94.44%,12400ns,358,51,97.81%,94.44%
449,54,25,437,54,3635182700ns,6200ns,134,53,30.66%,98.15%,4700ns,437,54,100.00%,100.00%,10900ns,437,54,100.00%,100.00%
450,54,25,484,54,3619259900ns,7500ns,64,53,13.22%,98.15%,5400ns,484,54,100.00%,100.00%,12900ns,484,54,100.00%,100.00%
451,54,25,369,54,3627210600ns,21900ns,140,52,37.94%,96.30%,6200ns,365,52,98.92%,96.30%,28100ns,365,52,98.92%,96.30%
452,54,25,467,54,3686488000ns,6500ns,199,52,42.61%,96.30%,5200ns,467,54,100.00%,100.00%,11700ns,467,54,100.00%,100.00%
453,54,25,363,52,3630728400ns,6300ns,106,54,29.20%,103.85%,4900ns,363,52,100.00%,100.00%,11200ns,363,52,100.00%,100.00%
454,54,25,346,54,3619309400ns,6000ns,53,51,15.32%,94.44%,4600ns,336,54,97.11%,100.00%,10600ns,336,54,97.11%,100.00%
455,54,25,463,53,3606142300ns,5900ns,60,52,12.96%,98.11%,4900ns,456,51,98.49%,96.23%,10800ns,456,51,98.49%,96.23%
456,54,25,388,54,3672348400ns,6600ns,90,54,23.20%,100.00%,4400ns,388,54,100.00%,100.00%,11000ns,388,54,100.00%,100.00%
457,54,25,417,54,3632172800ns,5600ns,99,52,23.74%,96.30%,4800ns,406,51,97.36%,94.44%,10400ns,406,51,97.36%,94.44%
458,54,25,374,54,3648266300ns,8600ns,77,53,20.59%,98.15%,5000ns,373,53,99.73%,98.15%,13600ns,373,53,99.73%,98.15%
459,54,25,426,54,3625056500ns,7000ns,99,53,23.24%,98.15%,4700ns,426,54,100.00%,100.00%,11700ns,426,54,100.00%,100.00%
460,54,25,422,54,3615837000ns,12500ns,81,52,19.19%,96.30%,5900ns,422,54,100.00%,100.00%,18400ns,422,54,100.00%,100.00%
461,54,25,385,54,3613326900ns,6500ns,135,53,35.06%,98.15%,4900ns,376,54,97.66%,100.00%,11400ns,376,54,97.66%,100.00%
462,54,25,376,54,3637773200ns,6600ns,95,54,25.27%,100.00%,4900ns,370,51,98.40%,94.44%,11500ns,370,51,98.40%,94.44%
463,54,25,464,54,3607026300ns,6800ns,127,52,27.37%,96.30%,4800ns,457,52,98.49%,96.30%,11600ns,457,52,98.49%,96.30%
464,54,25,322,53,3679714800ns,6200ns,49,54,15.22%,101.89%,4200ns,311,50,96.58%,94.34%,10400ns,311,50,96.58%,94.34%
465,54,25,431,52,3641345100ns,6200ns,86,53,19.95%,101.92%,5100ns,431,52,100.00%,100.00%,11300ns,431,52,100.00%,100.00%
466,54,25,386,54,3667969600ns,6900ns,113,54,29.27%,100.00%,5000ns,383,51,99.22%,94.44%,11900ns,383,51,99.22%,94.44%
467,54,25,375,52,3608474200ns,11400ns,80,54,21.33%,103.85%,7500ns,375,52,100.00%,100.00%,18900ns,375,52,100.00%,100.00%
468,54,25,404,54,3654672100ns,6200ns,197,54,48.76%,100.00%,5100ns,400,53,99.01%,98.15%,11300ns,400,53,99.01%,98.15%
469,54,25,405,53,3620027300ns,6200ns,102,54,25.19%,101.89%,4600ns,405,53,100.00%,100.00%,10800ns,405,53,100.00%,100.00%
470,54,25,380,54,3623605500ns,6100ns,67,51,17.63%,94.44%,4600ns,380,54,100.00%,100.00%,10700ns,380,54,100.00%,100.00%
471,54,25,326,53,3691844900ns,6600ns,70,52,21.47%,98.11%,5300ns,320,51,98.16%,96.23%,11900ns,320,51,98.16%,96.23%
472,54,25,377,53,3592674700ns,6100ns,73,53,19.36%,100.00%,5000ns,376,52,99.73%,98.11%,11100ns,376,52,99.73%,98.11%
473,54,25,369,54,3618470100ns,6700ns,100,52,27.10%,96.30%,5000ns,365,53,98.92%,98.15%,11700ns,365,53,98.92%,98.15%
474,54,25,389,54,3613974400ns,7200ns,79,54,20.31%,100.00%,5000ns,378,54,97.17%,100.00%,12200ns,378,54,97.17%,100.00%
475,54,25,353,54,3661455100ns,5900ns,84,54,23.80%,100.00%,4700ns,350,54,99.15%,100.00%,10600ns,350,54,99.15%,100.00%
476,54,25,410,54,3613843700ns,6400ns,88,51,21.46%,94.44%,4900ns,410,54,100.00%,100.00%,11300ns,410,54,100.00%,100.00%
477,54,25,412,54,3650106500ns,5900ns,66,54,16.02%,100.00%,5000ns,412,53,100.00%,98.15%,10900ns,412,53,100.00%,98.15%
478,54,25,378,54,3629015100ns,23600ns,117,53,30.95%,98.15%,8900ns,366,51,96.83%,94.44%,32500ns,366,51,96.83%,94.44%
479,54,25,414,54,3703522200ns,6500ns,68,52,16.43%,96.30%,5200ns,406,52,98.07%,96.30%,11700ns,406,52,98.07%,96.30%
480,54,25,394,54,3618756000ns,6300ns,78,52,19.80%,96.30%,5300ns,394,54,100.00%,100.00%,11600ns,394,54,100.00%,100.00%
481,54,25,450,54,3856587000ns,6100ns,48,53,10.67%,98.15%,4600ns,440,52,97.78%,96.30%,10700ns,440,52,97.78%,96.30%
482,54,25,396,54,3631683200ns,6100ns,72,53,18.18%,98.15%,5100ns,393,52,99.24%,96.30%,11200ns,393,52,99.24%,96.30%
483,54,25,371,54,3636269200ns,6200ns,129,54,34.77%,100.00%,5000ns,365,52,98.38%,96.30%,11200ns,365,52,98.38%,96.30%
484,54,25,421,54,3634149900ns,6500ns,87,54,20.67%,100.00%,4500ns,420,53,99.76%,98.15%,11000ns,420,53,99.76%,98.15%
485,54,25,337,54,3642260800ns,6300ns,97,54,28.78%,100.00%,5100ns,335,54,99.41%,100.00%,11400ns,335,54,99.41%,100.00%
486,54,25,345,54,3705016400ns,6400ns,163,54,47.25%,100.00%,4700ns,343,52,99.42%,96.30%,11100ns,343,52,99.42%,96.30%
487,54,25,397,52,3641296900ns,6200ns,96,52,24.18%,100.00%,4600ns,397,52,100.00%,100.00%,10800ns,397,52,100.00%,100.00%
488,54,25,468,54,3622820500ns,6000ns,120,53,25.64%,98.15%,4900ns,463,53,98.93%,98.15%,10900ns,463,53,98.93%,98.15%
489,54,25,319,54,3625664100ns,10400ns,48,54,15.05%,100.00%,6000ns,315,52,98.75%,96.30%,16400ns,315,52,98.75%,96.30%
490,54,25,356,54,3714688400ns,6700ns,64,52,17.98%,96.30%,5100ns,353,53,99.16%,98.15%,11800ns,353,53,99.16%,98.15%
491,54,25,400,54,3630388200ns,9600ns,64,53,16.00%,98.15%,5400ns,397,53,99.25%,98.15%,15000ns,397,53,99.25%,98.15%
492,54,25,349,54,3621101100ns,5800ns,91,54,26.07%,100.00%,5300ns,344,54,98.57%,100.00%,11100ns,344,54,98.57%,100.00%
493,54,25,334,54,3587985300ns,6700ns,102,53,30.54%,98.15%,5000ns,334,54,100.00%,100.00%,11700ns,334,54,100.00%,100.00%
494,54,25,312,54,3620117800ns,6400ns,86,54,27.56%,100.00%,4900ns,307,53,98.40%,98.15%,11300ns,307,53,98.40%,98.15%
495,54,25,343,53,3642671700ns,6400ns,121,52,35.28%,98.11%,4700ns,343,53,100.00%,100.00%,11100ns,343,53,100.00%,100.00%
496,54,25,391,54,3689620300ns,6200ns,147,54,37.60%,100.00%,4500ns,385,52,98.47%,96.30%,10700ns,385,52,98.47%,96.30%
497,54,25,315,53,3599195200ns,18000ns,72,54,22.86%,101.89%,6700ns,315,53,100.00%,100.00%,24700ns,315,53,100.00%,100.00%
498,54,25,446,54,3614205200ns,6000ns,131,53,29.37%,98.15%,4800ns,443,53,99.33%,98.15%,10800ns,443,53,99.33%,98.15%
499,54,25,387,54,3625802800ns,6300ns,117,53,30.23%,98.15%,5100ns,387,54,100.00%,100.00%,11400ns,387,54,100.00%,100.00%
500,54,25,338,53,3680089400ns,6200ns,97,52,28.70%,98.11%,4500ns,337,52,99.70%,98.11%,10700ns,337,52,99.70%,98.11%
